{
  "pet_rewards": {
    "0": {
      "magic_find": 0
    },
    "10": {
      "magic_find": 1
    },
    "25": {
      "magic_find": 2
    },
    "50": {
      "magic_find": 3
    },
    "75": {
      "magic_find": 4
    },
    "100": {
      "magic_find": 5
    },
    "130": {
      "magic_find": 6
    },
    "175": {
      "magic_find": 7
    }
  },
  "pet_value": {
    "COMMON": 1,
    "UNCOMMON": 2,
    "RARE": 3,
    "EPIC": 4,
    "LEGENDARY": 5,
    "MYTHIC": 6
  },
  "bonus_stats": {
    "skill_taming": {
      "1": {
        "pet_luck": 1
      }
    },
    "skill_farming": {
      "1": {
        "health": 2
      },
      "15": {
        "health": 3
      },
      "20": {
        "health": 4
      },
      "26": {
        "health": 5
      }
    },
    "skill_combat": {
      "1": {
        "crit_chance": 0.5,
        "damage_increase": 0.04
      },
      "51": {
        "crit_chance": 0.5,
        "damage_increase": 0.01
      }
    },
    "skill_mining": {
      "1": {
        "defence": 1
      },
      "15": {
        "defence": 2
      }
    },
    "skill_foraging": {
      "1": {
        "strength": 1
      },
      "15": {
        "strength": 2
      }
    },
    "skill_fishing": {
      "1": {
        "health": 2
      },
      "15": {
        "health": 3
      },
      "20": {
        "health": 4
      },
      "26": {
        "health": 5
      }
    },
    "skill_enchanting": {
      "1": {
        "intelligence": 1,
        "ability_damage": 0.5
      },
      "15": {
        "intelligence": 2,
        "ability_damage": 0.5
      }
    },
    "skill_alchemy": {
      "1": {
        "intelligence": 1
      },
      "15": {
        "intelligence": 2
      }
    },
    "skill_carpentry": {
      "1": {}
    },
    "skill_runecrafting": {
      "1": {}
    },
    "slayer_zombie": {
      "1": {
        "health": 2
      },
      "3": {
        "health": 3
      },
      "5": {
        "health": 4
      },
      "7": {
        "health": 5
      },
      "9": {
        "health": 6
      }
    },
    "slayer_spider": {
      "1": {
        "crit_damage": 1
      },
      "5": {
        "crit_damage": 2
      },
      "7": {
        "crit_damage": 0,
        "crit_chance": 1
      },
      "8": {
        "crit_chance": 0,
        "crit_damage": 3
      }
    },
    "slayer_wolf": {
      "1": {
        "speed": 1
      },
      "2": {
        "health": 2
      },
      "3": {
        "speed": 1
      },
      "4": {
        "health": 2
      },
      "5": {
        "crit_damage": 1
      },
      "6": {
        "health": 3
      },
      "7": {
        "crit_damage": 2
      },
      "8": {
        "speed": 1
      },
      "9": {
        "health": 5
      }
    },
    "slayer_enderman": {
      "1": {
        "health": 1
      },
      "2": {
        "intelligence": 1
      },
      "3": {
        "health": 2
      },
      "4": {
        "intelligence": 2
      },
      "5": {
        "health": 3
      },
      "6": {
        "intelligence": 3
      },
      "7": {
        "health": 4
      },
      "8": {
        "intelligence": 4
      },
      "9": {
        "health": 5
      }
    }
  }
}
