{
  "enchants": {
    "SWORD": [
      "bane_of_arthropods",
      "cleave",
      "critical",
      "cubism",
      "dragon_hunter",
      "ender_slayer",
      "execute",
      "experience",
      "fire_aspect",
      "first_strike",
      "giant_killer",
      "impaling",
      "knockback",
      "lethality",
      "life_steal",
      "looting",
      "luck",
      "mana_steal",
      "PROSECUTE",
      "scavenger",
      "sharpness",
      "smite",
      "syphon",
      "titan_killer",
      "thunderlord",
      "thunderbolt",
      "triple_strike",
      "vampirism",
      "venomous",
      "vicious",
      "ultimate_one_for_all",
      "ultimate_soul_eater",
      "ultimate_chimera",
      "ultimate_combo",
      "ultimate_swarm",
      "ultimate_wise",
      "smoldering",
      "ultimate_inferno",
      "ultimate_fatal_tempo"
    ],
    "BOW": [
      "aiming",
      "chance",
      "cubism",
      "dragon_hunter",
      "flame",
      "impaling",
      "infinite_quiver",
      "piercing",
      "overload",
      "power",
      "punch",
      "snipe",
      "ultimate_soul_eater",
      "ultimate_chimera",
      "ultimate_swarm",
      "ultimate_wise",
      "ultimate_rend",
      "ultimate_reiterate",
      "smoldering",
      "ultimate_inferno",
      "ultimate_fatal_tempo"
    ],
    "AXE": [
      "efficiency",
      "replenish",
      "silk_touch",
      "turbo_cactus",
      "turbo_coco",
      "turbo_melon",
      "turbo_pumpkin",
      "delicate"
    ],
    "PICKAXE": [
      "compact",
      "efficiency",
      "experience",
      "fortune",
      "silk_touch",
      "pristine",
      "smelting_touch"
    ],
    "DRILL": [
      "compact",
      "efficiency",
      "experience",
      "fortune",
      "pristine",
      "silk_touch",
      "smelting_touch"
    ],
    "FISHING ROD": [
      "angler",
      "blessing",
      "caster",
      "expertise",
      "frail",
      "looting",
      "luck_of_the_sea",
      "lure",
      "magnet",
      "spiked_hook",
      "impaling",
      "charm",
      "corruption",
      "ultimate_inferno",
      "ultimate_fatal_tempo",
      "ultimate_flash"
    ],
    "FISHING WEAPON": [
      "angler",
      "blessing",
      "caster",
      "expertise",
      "frail",
      "looting",
      "luck_of_the_sea",
      "lure",
      "magnet",
      "spiked_hook",
      "bane_of_arthropods",
      "cleave",
      "critical",
      "cubism",
      "dragon_hunter",
      "ender_slayer",
      "execute",
      "experience",
      "fire_aspect",
      "first_strike",
      "giant_killer",
      "impaling",
      "knockback",
      "lethality",
      "life_steal",
      "looting",
      "luck",
      "mana_steal",
      "PROSECUTE",
      "scavenger",
      "sharpness",
      "smite",
      "syphon",
      "titan_killer",
      "thunderlord",
      "thunderbolt",
      "triple_strike",
      "vampirism",
      "venomous",
      "vicious",
      "ultimate_one_for_all",
      "ultimate_soul_eater",
      "ultimate_chimera",
      "ultimate_combo",
      "ultimate_swarm",
      "ultimate_wise",
      "smoldering",
      "ultimate_inferno",
      "ultimate_fatal_tempo",
      "ultimate_flash"
    ],
    "SHOVEL": [
      "efficiency",
      "silk_touch"
    ],
    "HOE": [
      "replenish",
      "harvesting",
      "turbo_wheat",
      "turbo_cane",
      "turbo_warts",
      "turbo_carrot",
      "turbo_potato",
      "turbo_mushrooms",
      "cultivating",
      "delicate"
    ],
    "HELMET": [
      "big_brain",
      "blast_protection",
      "fire_protection",
      "projectile_protection",
      "protection",
      "growth",
      "rejuvenate",
      "respite",
      "aqua_affinity",
      "thorns",
      "respiration",
      "ultimate_bank",
      "ultimate_last_stand",
      "ultimate_legion",
      "ultimate_no_pain_no_gain",
      "ultimate_wisdom",
      "hardened_mana",
      "strong_mana",
      "mana_vampire",
      "ferocious_mana"
    ],
    "CHESTPLATE": [
      "protection",
      "blast_protection",
      "fire_protection",
      "projectile_protection",
      "growth",
      "rejuvenate",
      "respite",
      "thorns",
      "counter_strike",
      "true_protection",
      "ultimate_bank",
      "ultimate_last_stand",
      "ultimate_legion",
      "ultimate_no_pain_no_gain",
      "ultimate_wisdom",
      "hardened_mana",
      "strong_mana",
      "mana_vampire",
      "ferocious_mana"
    ],
    "LEGGINGS": [
      "protection",
      "blast_protection",
      "fire_protection",
      "projectile_protection",
      "growth",
      "rejuvenate",
      "respite",
      "smarty_pants",
      "thorns",
      "ultimate_bank",
      "ultimate_last_stand",
      "ultimate_legion",
      "ultimate_no_pain_no_gain",
      "ultimate_wisdom",
      "hardened_mana",
      "strong_mana",
      "mana_vampire",
      "ferocious_mana"
    ],
    "BOOTS": [
      "protection",
      "blast_protection",
      "fire_protection",
      "projectile_protection",
      "growth",
      "sugar_rush",
      "rejuvenate",
      "respite",
      "feather_falling",
      "depth_strider",
      "frost_walker",
      "thorns",
      "ultimate_bank",
      "ultimate_last_stand",
      "ultimate_legion",
      "ultimate_no_pain_no_gain",
      "ultimate_wisdom",
      "hardened_mana",
      "strong_mana",
      "mana_vampire",
      "ferocious_mana"
    ],
    "LONGSWORD": [
      "bane_of_arthropods",
      "cleave",
      "critical",
      "cubism",
      "dragon_hunter",
      "ender_slayer",
      "execute",
      "experience",
      "fire_aspect",
      "first_strike",
      "giant_killer",
      "impaling",
      "knockback",
      "lethality",
      "life_steal",
      "looting",
      "luck",
      "mana_steal",
      "PROSECUTE",
      "scavenger",
      "sharpness",
      "smite",
      "syphon",
      "titan_killer",
      "thunderlord",
      "thunderbolt",
      "triple_strike",
      "vampirism",
      "venomous",
      "vicious",
      "ultimate_one_for_all",
      "ultimate_soul_eater",
      "ultimate_chimera",
      "ultimate_combo",
      "ultimate_swarm",
      "ultimate_wise",
      "smoldering",
      "ultimate_inferno",
      "ultimate_fatal_tempo"
    ],
    "GAUNTLET": [
      "bane_of_arthropods",
      "cleave",
      "critical",
      "cubism",
      "dragon_hunter",
      "ender_slayer",
      "execute",
      "experience",
      "fire_aspect",
      "first_strike",
      "giant_killer",
      "impaling",
      "knockback",
      "lethality",
      "life_steal",
      "looting",
      "luck",
      "mana_steal",
      "PROSECUTE",
      "scavenger",
      "sharpness",
      "smite",
      "syphon",
      "titan_killer",
      "thunderlord",
      "thunderbolt",
      "triple_strike",
      "vampirism",
      "venomous",
      "vicious",
      "ultimate_one_for_all",
      "ultimate_soul_eater",
      "ultimate_chimera",
      "ultimate_combo",
      "ultimate_swarm",
      "ultimate_wise",
      "compact",
      "efficiency",
      "experience",
      "fortune",
      "silk_touch",
      "pristine",
      "smelting_touch",
      "smoldering",
      "ultimate_inferno",
      "ultimate_fatal_tempo"
    ]
  },
  "enchant_pools": [
    [
      "sharpness",
      "bane_of_arthropods",
      "smite"
    ],
    [
      "silk_touch",
      "smelting_touch",
      "fortune"
    ],
    [
      "ultimate_chimera",
      "ultimate_combo",
      "ultimate_swarm",
      "ultimate_wise",
      "ultimate_rend",
      "ultimate_bank",
      "ultimate_last_stand",
      "ultimate_legion",
      "ultimate_no_pain_no_gain",
      "ultimate_wisdom",
      "ultimate_one_for_all",
      "ultimate_soul_eater",
      "ultimate_reiterate",
      "ultimate_inferno",
      "ultimate_fatal_tempo",
      "ultimate_flash"
    ],
    [
      "protection",
      "blast_protection",
      "fire_protection",
      "projectile_protection"
    ],
    [
      "rejuvenate",
      "respite"
    ],
    [
      "thunderlord",
      "thunderbolt"
    ],
    [
      "syphon",
      "life_steal",
      "mana_steal"
    ],
    [
      "execute",
      "PROSECUTE"
    ],
    [
      "depth_strider",
      "frost_walker"
    ],
    [
      "first_strike",
      "triple_strike"
    ],
    [
      "giant_killer",
      "titan_killer"
    ],
    [
      "ultimate_one_for_all",
      "bane_of_arthropods"
    ],
    [
      "ultimate_one_for_all",
      "cleave"
    ],
    [
      "ultimate_one_for_all",
      "critical"
    ],
    [
      "ultimate_one_for_all",
      "cubism"
    ],
    [
      "ultimate_one_for_all",
      "dragon_hunter"
    ],
    [
      "ultimate_one_for_all",
      "ender_slayer"
    ],
    [
      "ultimate_one_for_all",
      "execute"
    ],
    [
      "ultimate_one_for_all",
      "experience"
    ],
    [
      "ultimate_one_for_all",
      "fire_aspect"
    ],
    [
      "ultimate_one_for_all",
      "first_strike"
    ],
    [
      "ultimate_one_for_all",
      "giant_killer"
    ],
    [
      "ultimate_one_for_all",
      "impaling"
    ],
    [
      "ultimate_one_for_all",
      "knockback"
    ],
    [
      "ultimate_one_for_all",
      "lethality"
    ],
    [
      "ultimate_one_for_all",
      "life_steal"
    ],
    [
      "ultimate_one_for_all",
      "looting"
    ],
    [
      "ultimate_one_for_all",
      "luck"
    ],
    [
      "ultimate_one_for_all",
      "mana_steal"
    ],
    [
      "ultimate_one_for_all",
      "PROSECUTE"
    ],
    [
      "ultimate_one_for_all",
      "scavenger"
    ],
    [
      "ultimate_one_for_all",
      "sharpness"
    ],
    [
      "ultimate_one_for_all",
      "smite"
    ],
    [
      "ultimate_one_for_all",
      "syphon"
    ],
    [
      "ultimate_one_for_all",
      "titan_killer"
    ],
    [
      "ultimate_one_for_all",
      "thunderlord"
    ],
    [
      "ultimate_one_for_all",
      "thunderbolt"
    ],
    [
      "ultimate_one_for_all",
      "triple_strike"
    ],
    [
      "ultimate_one_for_all",
      "vampirism"
    ],
    [
      "ultimate_one_for_all",
      "venomous"
    ],
    [
      "ultimate_one_for_all",
      "vicious"
    ],
    [
      "turbo_pumpkin",
      "turbo_warts",
      "turbo_cactus",
      "turbo_cane",
      "turbo_carrot",
      "turbo_coco",
      "turbo_melon",
      "turbo_mushrooms",
      "turbo_potato",
      "turbo_wheat"
    ],
    [
      "hardened_mana",
      "strong_mana",
      "mana_vampire",
      "ferocious_mana"
    ],
    [
      "ultimate_one_for_all",
      "smoldering"
    ]
  ],
  "enchants_xp_cost": {
    "sharpness": [
      10,
      15,
      20,
      25,
      30
    ],
    "smite": [
      10,
      15,
      20,
      25,
      30
    ],
    "bane_of_arthropods": [
      10,
      15,
      20,
      25,
      30
    ],
    "knockback": [
      15,
      30
    ],
    "fire_aspect": [
      15,
      30
    ],
    "experience": [
      15,
      30,
      45
    ],
    "looting": [
      15,
      30,
      45
    ],
    "scavenger": [
      10,
      20,
      30
    ],
    "luck": [
      10,
      20,
      30,
      40,
      50
    ],
    "cubism": [
      10,
      20,
      30,
      40,
      50
    ],
    "cleave": [
      10,
      20,
      30,
      40,
      50
    ],
    "life_steal": [
      20,
      25,
      30
    ],
    "giant_killer": [
      10,
      20,
      30,
      40,
      50
    ],
    "critical": [
      10,
      20,
      30,
      40,
      50
    ],
    "first_strike": [
      20,
      30,
      40,
      75
    ],
    "ender_slayer": [
      10,
      20,
      25,
      30,
      40
    ],
    "impaling": [
      30,
      40,
      50
    ],
    "execute": [
      20,
      25,
      30,
      40,
      50
    ],
    "thunderlord": [
      20,
      25,
      30,
      40,
      50
    ],
    "lethality": [
      20,
      25,
      30,
      40,
      50
    ],
    "syphon": [
      20,
      25,
      30
    ],
    "vampirism": [
      20,
      25,
      30,
      40,
      50
    ],
    "venomous": [
      20,
      25,
      30,
      40,
      50
    ],
    "triple_strike": [
      20,
      30,
      40,
      75
    ],
    "thunderbolt": [
      20,
      25,
      30,
      40,
      50
    ],
    "PROSECUTE": [
      20,
      25,
      30,
      40,
      50
    ],
    "titan_killer": [
      10,
      20,
      30,
      40,
      50
    ],
    "power": [
      10,
      20,
      30,
      40,
      50
    ],
    "punch": [
      15,
      30
    ],
    "flame": [
      25
    ],
    "infinite_quiver": [
      10,
      15,
      20,
      25,
      30
    ],
    "snipe": [
      20,
      25,
      30
    ],
    "aiming": [
      10,
      20,
      30,
      40,
      50
    ],
    "chance": [
      15,
      30,
      45
    ],
    "piercing": [
      30
    ],
    "efficiency": [
      10,
      15,
      20,
      25,
      30
    ],
    "smelting_touch": [
      5
    ],
    "silk_touch": [
      10
    ],
    "fortune": [
      15,
      30,
      45
    ],
    "lure": [
      10,
      15,
      20,
      25,
      30
    ],
    "luck_of_the_sea": [
      10,
      15,
      20,
      25,
      30
    ],
    "angler": [
      10,
      20,
      30,
      40,
      50
    ],
    "blessing": [
      10,
      20,
      30,
      40,
      50
    ],
    "magnet": [
      20,
      25,
      30,
      40,
      50
    ],
    "frail": [
      20,
      25,
      30,
      40,
      50
    ],
    "pristine": [
      25,
      25,
      25,
      25
    ],
    "caster": [
      20,
      25,
      30,
      40,
      50
    ],
    "spiked_hook": [
      10,
      20,
      30,
      40,
      50
    ],
    "harvesting": [
      5,
      10,
      15,
      20,
      25
    ],
    "projectile_protection": [
      10,
      15,
      20,
      25,
      30
    ],
    "protection": [
      10,
      15,
      20,
      25,
      30
    ],
    "blast_protection": [
      10,
      15,
      20,
      25,
      30
    ],
    "fire_protection": [
      10,
      15,
      20,
      25,
      30
    ],
    "respiration": [
      10,
      20,
      30
    ],
    "aqua_affinity": [
      15
    ],
    "thorns": [
      15,
      30,
      45
    ],
    "growth": [
      10,
      20,
      30,
      40,
      50
    ],
    "feather_falling": [
      10,
      15,
      20,
      25,
      30
    ],
    "frost_walker": [
      10,
      20
    ],
    "depth_strider": [
      10,
      20,
      30
    ],
    "rainbow": [
      10
    ]
  }
}
