{
  "itemid": "minecraft:leather_leggings",
  "displayname": "§5Adaptive Leggings",
  "nbttag": "{Unbreakable:1b,HideFlags:254,display:{Lore:[0:\"§7Gear Score: §d348\",1:\"§7Strength: §c+15\",2:\"§7Health: §a+145\",3:\"§7Defense: §a+65\",4:\"§7Intelligence: §a+15\",5:\" §8[§7☤§8]\",6:\"\",7:\"§6Full Set Bonus: Efficient training\",8:\"§7Every §b5 §7Catacombs levels,\",9:\"§7this armor piece gains +§a2%\",10:\"§a§7stats.\",11:\"\",12:\"§7Grants additional bonuses based\",13:\"§7on your selected dungeon class!\",14:\"\",15:\"§bBerserk§7: §7+§c20❁ Strength\",16:\"§bHealer§7: §7+§a10% §7HP regeneration and §7+§c40❤ Health\",17:\"§bMage§7: §7+§b50✎ Intelligence\",18:\"§7§bTank§7: §7+§a30❈ Defense§7 and reduces damage\",19:\"§7taken by §b5% §7for each piece you have equip if\",20:\"§7you are hit by the same monster within §e10\",21:\"§e§7seconds.\",22:\"§bArcher§7: §7+§95☣ Crit Chance §7+§915☠ Crit Damage\",23:\"\",24:\"§7§8This item can be reforged!\",25:\"§7§4❣ §cRequires §aCatacombs Floor III\",26:\"§aCompletion\",27:\"§5§lEPIC DUNGEON LEGGINGS\"],color:12565682,Name:\"§5Adaptive Leggings\"},ExtraAttributes:{dungeon_item_level:0,id:\"ADAPTIVE_LEGGINGS\"}}",
  "damage": 0,
  "lore": [
    "§7Gear Score: §d348",
    "§7Strength: §c+15",
    "§7Health: §a+145",
    "§7Defense: §a+65",
    "§7Intelligence: §a+15",
    " §8[§7☤§8]",
    "",
    "§6Full Set Bonus: Efficient training",
    "§7Every §b5 §7Catacombs levels,",
    "§7this armor piece gains +§a2%",
    "§a§7stats.",
    "",
    "§7Grants additional bonuses based",
    "§7on your selected dungeon class!",
    "",
    "§bBerserk§7: §7+§c20❁ Strength",
    "§bHealer§7: §7+§a10% §7HP regeneration and §7+§c40❤ Health",
    "§bMage§7: §7+§b50✎ Intelligence",
    "§7§bTank§7: §7+§a30❈ Defense§7 and reduces damage",
    "§7taken by §b5% §7for each piece you have equip if",
    "§7you are hit by the same monster within §e10",
    "§e§7seconds.",
    "§bArcher§7: §7+§95☣ Crit Chance §7+§915☠ Crit Damage",
    "",
    "§7§8This item can be reforged!",
    "§7§4❣ §cRequires §aCatacombs Floor III",
    "§aCompletion",
    "§5§lEPIC DUNGEON LEGGINGS"
  ],
  "internalname": "ADAPTIVE_LEGGINGS",
  "crafttext": "",
  "clickcommand": "",
  "modver": "2.0.0-REL",
  "infoType": "WIKI_URL",
  "info": [
    "https://hypixel-skyblock.fandom.com/wiki/Adaptive_Armor"
  ]
}