{
  "itemid": "minecraft:enchanted_book",
  "displayname": "§f§f§aEnchanted Book",
  "nbttag": "{ench:[],HideFlags:254,display:{Lore:[0:\"§9Dragon Tracer V\",1:\"§7Arrows home towards nearby\",2:\"§7monsters if they are within §a10\",3:\"§a§7blocks.\",4:\"\",5:\"§7Use this on an item in an Anvil\",6:\"§7to apply it!\",7:\"\",8:\"§6Source:\",9:\"§aI-V: §7Enchantment Table,\",10:\"§7Feather Collection\",11:\"\",12:\"§6Applied To:\",13:\"§7- §fBow\",14:\"\",15:\"§a§lUNCOMMON\"],Name:\"§f§f§aEnchanted Book\"},ExtraAttributes:{id:\"AIMING;5\",enchantments:{aiming:5}}}",
  "damage": 0,
  "lore": [
    "§9Dragon Tracer V",
    "§7Arrows home towards nearby",
    "§7monsters if they are within §a10",
    "§a§7blocks.",
    "",
    "§7Use this on an item in an Anvil",
    "§7to apply it!",
    "",
    "§6Source:",
    "§aI-V: §7Enchantment Table,",
    "§7Feather Collection",
    "",
    "§6Applied To:",
    "§7- §fBow",
    "",
    "§a§lUNCOMMON"
  ],
  "internalname": "AIMING;5",
  "parent": "AIMING;4",
  "modver": "2.0.0-REL",
  "crafttext": "",
  "clickcommand": "",
  "infoType": ""
}
