{
  "itemid": "minecraft:wooden_shovel",
  "displayname": "§9Ancestral Spade",
  "nbttag": "{ench:[],Unbreakable:1b,HideFlags:254,display:{Lore:[0:\"§7Hold to uncover and dig out\",1:\"§7§eGriffin Burrows§7, which hold\",2:\"§7both §6treasures §7and\",3:\"§7§cdangers§7.\",4:\"\",5:\"§7Only works while Diana\u0027s\",6:\"§7§2Mythological Ritual §7is\",7:\"§7active.\",8:\"\",9:\"§9§lRARE\"],Name:\"§9Ancestral Spade\"},ExtraAttributes:{id:\"ANCESTRAL_SPADE\"}}",
  "damage": 0,
  "lore": [
    "§7Hold to uncover and dig out",
    "§7§eGriffin Burrows§7, which hold",
    "§7both §6treasures §7and",
    "§7§cdangers§7.",
    "",
    "§7Only works while Diana\u0027s",
    "§7§2Mythological Ritual §7is",
    "§7active.",
    "",
    "§9§lRARE"
  ],
  "internalname": "ANCESTRAL_SPADE",
  "crafttext": "",
  "clickcommand": "",
  "modver": "1.3-REL",
  "infoType": "WIKI_URL",
  "info": [
    "https://hypixel-skyblock.fandom.com/wiki/Ancestral_Spade"
  ]
}
