{
  "itemid": "minecraft:skull",
  "displayname": "§9Arachne\u0027s Keeper (Miniboss)",
  "nbttag": "{HideFlags:254,SkullOwner:{Id:\"7c63f3cf-a963-311a-aeca-3a075b417806\",Properties:{textures:[0:{Value:\"eyJ0ZXh0dXJlcyI6eyJTS0lOIjp7InVybCI6Imh0dHA6Ly90ZXh0dXJlcy5taW5lY3JhZnQubmV0L3RleHR1cmUvY2Q1NDE1NDFkYWFmZjUwODk2Y2QyNThiZGJkZDRjZjgwYzNiYTgxNjczNTcyNjA3OGJmZTM5MzkyN2U1N2YxIn19fQ\"}]}},display:{Lore:[0:\"§7Keeper of Arachne\",1:\"\",2:\"§c❤ Health§8: §c100.000\",3:\"§7Coins per Kill: §610\",4:\"\",5:\"§6§lPossible Drops:\",6:\"§fCommon Loot\",7:\"§8 ■ §fSpider Eye\",8:\"§8 ■ §fString §8(§a50%§8)\",9:\"§8 ■ §9Arachne\u0027s Keeper Fragment\"],Name:\"§9Arachne\u0027s Keeper (Miniboss)\"},ExtraAttributes:{id:\"ARACHNES_KEEPER_MINIBOSS\"}}",
  "damage": 3,
  "lore": [
    "§7Keeper of Arachne",
    "",
    "§c❤ Health§8: §c100.000",
    "§7Coins per Kill: §610",
    "",
    "§6§lPossible Drops:",
    "§fCommon Loot",
    "§8 ■ §fSpider Eye",
    "§8 ■ §fString §8(§a50%§8)",
    "§8 ■ §9Arachne\u0027s Keeper Fragment"
  ],
  "internalname": "ARACHNES_KEEPER_MINIBOSS",
  "clickcommand": "",
  "modver": "2.0.0-REL",
  "infoType": "WIKI_URL",
  "info": [
    "https://hypixel-skyblock.fandom.com/wiki/Arachne\u0027s_Keeper"
  ],
  "crafttext": ""
}
