{
  "itemid": "minecraft:leather_chestplate",
  "displayname": "§5Armor of Magma Chestplate",
  "nbttag": "{Unbreakable:1,HideFlags:254,display:{Lore:[0:\"§7Health: §a+100\",1:\"§7Defense: §a+30\",2:\"\",3:\"§6Full Set Bonus: Absorb\",4:\"§7Every §910 Magma Cubes killed§7\",5:\"§7gives the wearer §a+1 §c❤ Health\",6:\"§c§7and §b✎ Intelligence§7 while\",7:\"§7wearing the set. Max 200 each.\",8:\"\",9:\"§7Magma Cubes Killed: §a0\",10:\"§7Bonus HP: §a0\",11:\"§7Bonus Intelligence: §a0\",12:\"\",13:\"§7§8This item can be reforged!\",14:\"§5§lEPIC CHESTPLATE\"],color:16749312,Name:\"§5Armor of Magma Chestplate\"},ExtraAttributes:{color:\"255:147:0\",id:\"ARMOR_OF_MAGMA_CHESTPLATE\"}}",
  "damage": 0,
  "lore": [
    "§7Health: §a+100",
    "§7Defense: §a+30",
    "",
    "§6Full Set Bonus: Absorb",
    "§7Every §910 Magma Cubes killed§7",
    "§7gives the wearer §a+1 §c❤ Health",
    "§c§7and §b✎ Intelligence§7 while",
    "§7wearing the set. Max 200 each.",
    "",
    "§7Magma Cubes Killed: §a0",
    "§7Bonus HP: §a0",
    "§7Bonus Intelligence: §a0",
    "",
    "§7§8This item can be reforged!",
    "§5§lEPIC CHESTPLATE"
  ],
  "internalname": "ARMOR_OF_MAGMA_CHESTPLATE",
  "clickcommand": "",
  "modver": "2.0.0-REL",
  "infoType": "WIKI_URL",
  "info": [
    "https://hypixel-skyblock.fandom.com/wiki/Armor_of_Magma"
  ],
  "crafttext": "Requires: Magma Cream VIII"
}