{
  "itemid": "minecraft:armor_stand",
  "displayname": "§fArmor Stand",
  "nbttag": "{HideFlags:254,display:{Lore:[0:\"§f§lCOMMON\"],Name:\"§fArmor Stand\"},ExtraAttributes:{id:\"ARMOR_STAND\"}}",
  "damage": 0,
  "lore": [
    "§f§lCOMMON"
  ],
  "internalname": "ARMOR_STAND",
  "modver": "2.0.0-REL",
  "vanilla": true,
  "clickcommand": "viewrecipe",
  "recipe": {
    "A1": "STICK:1",
    "A2": "STICK:1",
    "A3": "STICK:1",
    "B1": "",
    "B2": "STICK:1",
    "B3": "",
    "C1": "STICK:1",
    "C2": "STEP:1",
    "C3": "STICK:1"
  },
  "infoType": ""
}
