{
  "itemid": "minecraft:golden_chestplate",
  "displayname": "§5Chestplate of the Rising Sun",
  "nbttag": "{Unbreakable:1b,HideFlags:254,display:{Lore:[0:\"§7Health: §a+15\",1:\"§7Defense: §a+15\",2:\"§7Intelligence: §a+150\",3:\"\",4:\"§6Full Set Bonus: Power of the Resistance\",5:\"§7Provides a damage bonus while\",6:\"§7fighting against Dante, and\",7:\"§7reduces damage taken from Dante.\",8:\"\",9:\"§7§8This item can be reforged!\",10:\"§5§lEPIC CHESTPLATE\"],Name:\"§5Chestplate of the Rising Sun\"},ExtraAttributes:{leaderVotes:0,leaderPosition:0,originTag:\"REWARD_SERAPHINE:ARMOR_OF_THE_RESISTANCE_CHESTPLATE\",id:\"ARMOR_OF_THE_RESISTANCE_CHESTPLATE\"}}",
  "damage": 0,
  "lore": [
    "§7Health: §a+15",
    "§7Defense: §a+15",
    "§7Intelligence: §a+150",
    "",
    "§6Full Set Bonus: Power of the Resistance",
    "§7Provides a damage bonus while",
    "§7fighting against Dante, and",
    "§7reduces damage taken from Dante.",
    "",
    "§7§8This item can be reforged!",
    "§5§lEPIC CHESTPLATE"
  ],
  "internalname": "ARMOR_OF_THE_RESISTANCE_CHESTPLATE",
  "crafttext": "",
  "clickcommand": "",
  "modver": "2.1.0-REL",
  "infoType": "WIKI_URL",
  "info": [
    "https://hypixel-skyblock.fandom.com/wiki/Armor_of_the_Rising_Sun"
  ]
}