{
  "itemid": "minecraft:bow",
  "displayname": "§9Artisanal Shortbow",
  "nbttag": "{Unbreakable:1b,HideFlags:254,display:{Lore:[0:\"§7Damage: §c+40\",1:\"\",2:\"§6Shortbow: Instantly shoots!\",3:\"\",4:\"§7§8This item can be reforged!\",5:\"§9§lRARE BOW\"],Name:\"§9Artisanal Shortbow\"},ExtraAttributes:{id:\"ARTISANAL_SHORTBOW\"}}",
  "damage": 0,
  "lore": [
    "§7Damage: §c+40",
    "",
    "§6Shortbow: Instantly shoots!",
    "",
    "§7§8This item can be reforged!",
    "§9§lRARE BOW"
  ],
  "internalname": "ARTISANAL_SHORTBOW",
  "crafttext": "",
  "clickcommand": "",
  "modver": "2.0.0-REL",
  "infoType": "WIKI_URL",
  "info": [
    "https://hypixel-skyblock.fandom.com/wiki/Artisanal_Shortbow"
  ]
}