{
  "itemid": "minecraft:wooden_sword",
  "displayname": "§fAspect of the Jerry",
  "nbttag": "{Unbreakable:1b,HideFlags:254,display:{Lore:[0:\"§7Damage: §c+1\",1:\"\",2:\"§6Ability: Parley §e§lRIGHT CLICK\",3:\"§7Channel your inner Jerry.\",4:\"§8Cooldown: §a5s\",5:\"\",6:\"§7§8This item can be reforged!\",7:\"§f§lCOMMON SWORD\"],Name:\"§fAspect of the Jerry\"},ExtraAttributes:{id:\"ASPECT_OF_THE_JERRY\"}}",
  "damage": 0,
  "lore": [
    "§7Damage: §c+1",
    "",
    "§6Ability: Parley §e§lRIGHT CLICK",
    "§7Channel your inner Jerry.",
    "§8Cooldown: §a5s",
    "",
    "§7§8This item can be reforged!",
    "§f§lCOMMON SWORD"
  ],
  "recipe": {
    "A1": "",
    "A2": "ASSISTANT:1",
    "A3": "",
    "B1": "",
    "B2": "ASSISTANT:1",
    "B3": "",
    "C1": "",
    "C2": "STICK:1",
    "C3": ""
  },
  "internalname": "ASPECT_OF_THE_JERRY",
  "clickcommand": "viewrecipe",
  "modver": "2.0.0-REL",
  "infoType": "WIKI_URL",
  "info": [
    "https://hypixel-skyblock.fandom.com/wiki/Aspect_of_the_Jerry"
  ],
  "crafttext": ""
}
