{
  "itemid": "minecraft:iron_sword",
  "displayname": "§6Astraea",
  "nbttag": "{Unbreakable:1b,HideFlags:254,display:{Lore:[0:\"§7Gear Score: §d985\",1:\"§7Damage: §c+270\",2:\"§7Strength: §c+150\",3:\"§7Defense: §a+250\",4:\"§7Intelligence: §a+50\",5:\"§7True Defense: §a+20\",6:\"§7Ferocity: §a+30\",7:\" §8[§8☤§8] §8[§8⚔§8]\",8:\"\",9:\"§7Deals +§c50% §7damage to\",10:\"§7Withers. Grants §c+1 §c❁ Damage\",11:\"§c§7and §a+2 §a❈ Defense §7per\",12:\"§7§cCatacombs §7level.\",13:\"\",14:\"§7Your Catacombs Level: §c0\",15:\"\",16:\"§eRight-click to use your class ability!\",17:\"\",18:\"§7§8This item can be reforged!\",19:\"§7§4❣ §cRequires §aCatacombs Floor VII\",20:\"§aCompletion\",21:\"§6§lLEGENDARY DUNGEON SWORD\"],Name:\"§6Astraea\"},ExtraAttributes:{dungeon_item_level:0,id:\"ASTRAEA\"}}",
  "damage": 0,
  "lore": [
    "§7Gear Score: §d985",
    "§7Damage: §c+270",
    "§7Strength: §c+150",
    "§7Defense: §a+250",
    "§7Intelligence: §a+50",
    "§7True Defense: §a+20",
    "§7Ferocity: §a+30",
    " §8[§8☤§8] §8[§8⚔§8]",
    "",
    "§7Deals +§c50% §7damage to",
    "§7Withers. Grants §c+1 §c❁ Damage",
    "§c§7and §a+2 §a❈ Defense §7per",
    "§7§cCatacombs §7level.",
    "",
    "§7Your Catacombs Level: §c0",
    "",
    "§eRight-click to use your class ability!",
    "",
    "§7§8This item can be reforged!",
    "§7§4❣ §cRequires §aCatacombs Floor VII",
    "§aCompletion",
    "§6§lLEGENDARY DUNGEON SWORD"
  ],
  "recipe": {
    "A1": "GIANT_FRAGMENT_BOULDER:1",
    "A2": "GIANT_FRAGMENT_BOULDER:1",
    "A3": "GIANT_FRAGMENT_BOULDER:1",
    "B1": "GIANT_FRAGMENT_BOULDER:1",
    "B2": "NECRON_BLADE:1",
    "B3": "GIANT_FRAGMENT_BOULDER:1",
    "C1": "GIANT_FRAGMENT_BOULDER:1",
    "C2": "GIANT_FRAGMENT_BOULDER:1",
    "C3": "GIANT_FRAGMENT_BOULDER:1"
  },
  "internalname": "ASTRAEA",
  "parent": "NECRON_BLADE",
  "clickcommand": "viewrecipe",
  "modver": "2.0.0-REL",
  "crafttext": "",
  "infoType": "WIKI_URL",
  "info": [
    "https://hypixel-skyblock.fandom.com/wiki/Astraea"
  ]
}