{
  "itemid": "minecraft:fishing_rod",
  "displayname": "§6Auger Rod",
  "nbttag": "{Unbreakable:1b,HideFlags:254,display:{Lore:[0:\"§7Damage: §c+135\",1:\"§7Strength: §c+90\",2:\"\",3:\"§7Breaks nearby ice blocks where\",4:\"§7it lands.\",5:\"\",6:\"§7Triples the chance of the sea\",7:\"§7creatures that you spawn to be\",8:\"§7winter sea creatures.\",9:\"\",10:\"§7Increases fishing speed by §975%\",11:\"\",12:\"§7§8This item can be reforged!\",13:\"§4❣ §cRequires §aFishing Skill 25\",14:\"§6§lLEGENDARY FISHING ROD\"],Name:\"§6Auger Rod\"},ExtraAttributes:{id:\"AUGER_ROD\"}}",
  "damage": 0,
  "lore": [
    "§7Damage: §c+135",
    "§7Strength: §c+90",
    "",
    "§7Breaks nearby ice blocks where",
    "§7it lands.",
    "",
    "§7Triples the chance of the sea",
    "§7creatures that you spawn to be",
    "§7winter sea creatures.",
    "",
    "§7Increases fishing speed by §975%",
    "",
    "§7§8This item can be reforged!",
    "§4❣ §cRequires §aFishing Skill 25",
    "§6§lLEGENDARY FISHING ROD"
  ],
  "recipe": {
    "A1": "",
    "A2": "ENCHANTED_PACKED_ICE:32",
    "A3": "",
    "B1": "ENCHANTED_PACKED_ICE:32",
    "B2": "YETI_ROD:1",
    "B3": "ENCHANTED_PACKED_ICE:32",
    "C1": "",
    "C2": "ENCHANTED_PACKED_ICE:32",
    "C3": ""
  },
  "internalname": "AUGER_ROD",
  "clickcommand": "viewrecipe",
  "modver": "2.0.0-REL",
  "crafttext": "Requires: Ice X",
  "infoType": "WIKI_URL",
  "info": [
    "https://hypixel-skyblock.fandom.com/wiki/Auger_Rod"
  ]
}
