{
  "itemid": "minecraft:leather_boots",
  "displayname": "§6Aurora Boots",
  "nbttag": "{Unbreakable:1b,HideFlags:254,display:{Lore:[0:\"§7Health: §a+130\",1:\"§7Defense: §a+40\",2:\"§7Intelligence: §a+125\",3:\" §8[§8⚔§8] §8[§8⚔§8]\",4:\"\",5:\"§8Tiered Bonus: Arcane Vision (0/4)\",6:\"§7Gives you the ability to see the runic\",7:\"§7affinity of enemies.\",8:\"§7\",9:\"§7Using the proper §bRunic Spells §7of\",10:\"§7the §6Aurora Staff §7grants 1 stack of\",11:\"§7§6Arcane Vision Ѫ§7.\",12:\"§7\",13:\"§7Each §6Arcane Vision Ѫ §7stack grants\",14:\"§7you §c+2% §7damage on your next Runic\",15:\"§7Spell.\",16:\"§7\",17:\"§7At §c10 §7stacks the §6Aurora Staff\",18:\"§6§7spells explode on hit.\",19:\"§7\",20:\"§7Lose 1 stack after §c4s §7of not\",21:\"§7gaining a stack.\",22:\"\",23:\"§7§8This item can be reforged!\",24:\"§6§lLEGENDARY BOOTS\"],color:6391036,Name:\"§6Aurora Boots\"},ExtraAttributes:{id:\"AURORA_BOOTS\"}}",
  "damage": 0,
  "lore": [
    "§7Health: §a+130",
    "§7Defense: §a+40",
    "§7Intelligence: §a+125",
    " §8[§8⚔§8] §8[§8⚔§8]",
    "",
    "§8Tiered Bonus: Arcane Vision (0/4)",
    "§7Gives you the ability to see the runic",
    "§7affinity of enemies.",
    "§7",
    "§7Using the proper §bRunic Spells §7of",
    "§7the §6Aurora Staff §7grants 1 stack of",
    "§7§6Arcane Vision Ѫ§7.",
    "§7",
    "§7Each §6Arcane Vision Ѫ §7stack grants",
    "§7you §c+2% §7damage on your next Runic",
    "§7Spell.",
    "§7",
    "§7At §c10 §7stacks the §6Aurora Staff",
    "§6§7spells explode on hit.",
    "§7",
    "§7Lose 1 stack after §c4s §7of not",
    "§7gaining a stack.",
    "",
    "§7§8This item can be reforged!",
    "§6§lLEGENDARY BOOTS"
  ],
  "internalname": "AURORA_BOOTS",
  "crafttext": "",
  "clickcommand": "",
  "modver": "2.1.0-REL",
  "infoType": "WIKI_URL",
  "info": [
    "https://hypixel-skyblock.fandom.com/wiki/Aurora_Boots"
  ]
}