{
  "itemid": "minecraft:skull",
  "displayname": "§aAutomaton (Monster)",
  "nbttag": "{ench:[],HideFlags:254,SkullOwner:{Id:\"a46a9adf-60a3-38f2-a3dd-335d85f1cc10\",Properties:{textures:[0:{Value:\"eyJ0ZXh0dXJlcyI6eyJTS0lOIjp7InVybCI6Imh0dHA6Ly90ZXh0dXJlcy5taW5lY3JhZnQubmV0L3RleHR1cmUvMjJiY2FjZWViNDE2MmY0MDBkNDQ3NDMzMTU5MzJhYzgyMGQzMTE5YWM4OTg2YTAxNjFhNzI2MTYxY2NjOTNmYyJ9fX0\"}]}},display:{Lore:[0:\"§7Ancient robots which protect the\",1:\"§7lands of the Precursor from\",2:\"§7whoever dares to trespass\",3:\"\",4:\"§c❤ Health§8: §c15.000-20.000\",5:\"§7Coins per Kill: §6100\",6:\"\",7:\"§6§lPossible Drops:\",8:\"§fCommon Loot\",9:\"§8 ■ §f✎ Rough Sapphire Gemstone §8x8-15x\",10:\"\",11:\"§9Rare Loot\",12:\"§8 ■ §9Synthetic Heart §8(§a1%§8)\",13:\"§8 ■ §9Control Switch §8(§a1%§8)\",14:\"§8 ■ §9Superlite Motor §8(§a1%§8)\",15:\"§8 ■ §9Robotron Reflector §8(§a1%§8)\",16:\"§8 ■ §9FTX 3070 §8(§a1%§8)\",17:\"§8 ■ §9Electron Transmitter §8(§a1%§8)\"],Name:\"§aAutomaton (Monster)\"},ExtraAttributes:{id:\"AUTOMATON_MONSTER\"}}",
  "damage": 3,
  "lore": [
    "§7Ancient robots which protect the",
    "§7lands of the Precursor from",
    "§7whoever dares to trespass",
    "",
    "§c❤ Health§8: §c15.000-20.000",
    "§7Coins per Kill: §6100",
    "",
    "§6§lPossible Drops:",
    "§fCommon Loot",
    "§8 ■ §f✎ Rough Sapphire Gemstone §8x8-15x",
    "",
    "§9Rare Loot",
    "§8 ■ §9Synthetic Heart §8(§a1%§8)",
    "§8 ■ §9Control Switch §8(§a1%§8)",
    "§8 ■ §9Superlite Motor §8(§a1%§8)",
    "§8 ■ §9Robotron Reflector §8(§a1%§8)",
    "§8 ■ §9FTX 3070 §8(§a1%§8)",
    "§8 ■ §9Electron Transmitter §8(§a1%§8)"
  ],
  "internalname": "AUTOMATON_MONSTER",
  "clickcommand": "",
  "modver": "2.1.0-REL",
  "infoType": "WIKI_URL",
  "info": [
    "https://hypixel-skyblock.fandom.com/wiki/Automaton"
  ],
  "crafttext": ""
}