{
  "itemid": "minecraft:skull",
  "displayname": "§f§f§7[Lvl {LVL}] §6Baby Yeti",
  "nbttag": "{overrideMeta:1b,HideFlags:254,SkullOwner:{Id:\"7895e21a-8f3b-3e30-bea6-06108f64d5dc\",Properties:{textures:[0:{Value:\"eyJ0ZXh0dXJlcyI6eyJTS0lOIjp7InVybCI6Imh0dHA6Ly90ZXh0dXJlcy5taW5lY3JhZnQubmV0L3RleHR1cmUvYWIxMjY4MTRmYzNmYTg0NmRhZDkzNGMzNDk2MjhhN2ExZGU1YjQxNTAyMWEwM2VmNDIxMWQ2MjUxNGQ1In19fQ\u003d\u003d\"}]}},display:{Lore:[0:\"§8Fishing Pet\",1:\"\",2:\"§7Strength: §a{STRENGTH}\",3:\"§7Intelligence: §a{INTELLIGENCE}\",4:\"\",5:\"§6Cold Breeze\",6:\"§7§7Gives §a{0} §c❁ Strength §7and\",7:\"§7§9☠ Crit Damage §7when near snow\",8:\"\",9:\"§6Ice Shields\",10:\"§7§7Gain §a{1}% §7of your strength\",11:\"§7as §a❈ Defense\",12:\"\",13:\"§6Yeti Fury\",14:\"§7§7Buff the Yeti sword by §a{2}\",15:\"§a§7§c❁ Damage §7and §b✎\",16:\"§bIntelligence\",17:\"\",18:\"§7§eRight-click to add this pet to\",19:\"§eyour pet menu!\",20:\"\",21:\"§6§lLEGENDARY\"],Name:\"§f§f§7[Lvl {LVL}] §6Baby Yeti\"},ExtraAttributes:{petInfo:\"{\\\"type\\\":\\\"BABY_YETI\\\",\\\"active\\\":false,\\\"exp\\\":0.0,\\\"tier\\\":\\\"LEGENDARY\\\",\\\"hideInfo\\\":false,\\\"candyUsed\\\":0}\",id:\"BABY_YETI;4\"},AttributeModifiers:[]}",
  "damage": 3,
  "lore": [
    "§8Fishing Pet",
    "",
    "§7Strength: §a{STRENGTH}",
    "§7Intelligence: §a{INTELLIGENCE}",
    "",
    "§6Cold Breeze",
    "§7§7Gives §a{0} §c❁ Strength §7and",
    "§7§9☠ Crit Damage §7when near snow",
    "",
    "§6Ice Shields",
    "§7§7Gain §a{1}% §7of your strength",
    "§7as §a❈ Defense",
    "",
    "§6Yeti Fury",
    "§7§7Buff the Yeti sword by §a{2}",
    "§a§7§c❁ Damage §7and §b✎",
    "§bIntelligence",
    "",
    "§7§eRight-click to add this pet to",
    "§eyour pet menu!",
    "",
    "§6§lLEGENDARY"
  ],
  "internalname": "BABY_YETI;4",
  "clickcommand": "",
  "modver": "REL-1.0.0",
  "infoType": "WIKI_URL",
  "info": [
    "https://hypixel-skyblock.fandom.com/wiki/Baby_Yeti_Pet"
  ],
  "crafttext": ""
}
