{
  "itemid": "minecraft:skull",
  "displayname": "§f§f§9Bag of Cash",
  "nbttag": "{overrideMeta:1b,HideFlags:254,SkullOwner:{Id:\"9dd5008a-08a1-3f4a-b8af-2499bdb8ff3b\",Properties:{textures:[0:{Value:\"eyJ0ZXh0dXJlcyI6eyJTS0lOIjp7InVybCI6Imh0dHA6Ly90ZXh0dXJlcy5taW5lY3JhZnQubmV0L3RleHR1cmUvZTM2ZTk0ZjZjMzRhMzU0NjVmY2U0YTkwZjJlMjU5NzYzODllYjk3MDlhMTIyNzM1NzRmZjcwZmQ0ZGFhNjg1MiJ9fX0\u003d\"}]}},display:{Lore:[0:\"§7§6Sold to shops for 1,000,000\",1:\"§6coins!\",2:\"\",3:\"§9§lRARE\"],Name:\"§f§f§9Bag of Cash\"},ExtraAttributes:{id:\"BAG_OF_CASH\"},AttributeModifiers:[]}",
  "damage": 3,
  "lore": [
    "§7§6Sold to shops for 1,000,000",
    "§6coins!",
    "",
    "§9§lRARE"
  ],
  "internalname": "BAG_OF_CASH",
  "crafttext": "",
  "clickcommand": "",
  "modver": "2.0.0-REL",
  "infoType": "WIKI_URL",
  "info": [
    "https://hypixel-skyblock.fandom.com/wiki/Bag_of_Cash"
  ]
}
