{
  "itemid": "minecraft:enchanted_book",
  "displayname": "§fEnchanted Book",
  "nbttag": "{ench:[],HideFlags:254,display:{Lore:[0:\"§9Bane of Arthropods I\",1:\"§7Increases damage dealt to\",2:\"§7§7Spiders§7, §7Cave Spiders§7,\",3:\"§7and §7Silverfish§7 by §a10%§7.\",4:\"\",5:\"§7Use this on an item in an Anvil\",6:\"§7to apply it!\",7:\"\",8:\"§6Source:\",9:\"§aI-V: §7Enchantment Table,\",10:\"§7Spider Eye Collection\",11:\"\",12:\"§6Applied To:\",13:\"§7- §fSword\",14:\"§7- §fFishing Weapon\",15:\"§7- §fGauntlet\",16:\"\",17:\"§6Conflicts:\",18:\"§7- §cSmite\",19:\"§7- §cSharpness\",20:\"\",21:\"§f§lCOMMON\"],Name:\"§fEnchanted Book\"},ExtraAttributes:{id:\"BANE_OF_ARTHROPODS;1\",enchantments:{bane_of_arthropods:1}}}",
  "damage": 0,
  "lore": [
    "§9Bane of Arthropods I",
    "§7Increases damage dealt to",
    "§7§7Spiders§7, §7Cave Spiders§7,",
    "§7and §7Silverfish§7 by §a10%§7.",
    "",
    "§7Use this on an item in an Anvil",
    "§7to apply it!",
    "",
    "§6Source:",
    "§aI-V: §7Enchantment Table,",
    "§7Spider Eye Collection",
    "",
    "§6Applied To:",
    "§7- §fSword",
    "§7- §fFishing Weapon",
    "§7- §fGauntlet",
    "",
    "§6Conflicts:",
    "§7- §cSmite",
    "§7- §cSharpness",
    "",
    "§f§lCOMMON"
  ],
  "internalname": "BANE_OF_ARTHROPODS;1",
  "parent": "BANE_OF_ARTHROPODS;4",
  "crafttext": "",
  "clickcommand": "",
  "modver": "2.1.0-REL",
  "infoType": ""
}