{
  "internalname": "BAT;4",
  "itemid": "minecraft:skull",
  "displayname": "§f§f§7[Lvl {LVL}] §6Bat",
  "clickcommand": "viewrecipe",
  "damage": 3,
  "nbttag": "{overrideMeta:1b,HideFlags:254,SkullOwner:{Id:\"1911c3bb-c0af-3474-98e2-486478c5b9ea\",Properties:{textures:[0:{Value:\"eyJ0ZXh0dXJlcyI6eyJTS0lOIjp7InVybCI6Imh0dHA6Ly90ZXh0dXJlcy5taW5lY3JhZnQubmV0L3RleHR1cmUvMzgyZmMzZjcxYjQxNzY5Mzc2YTllOTJmZTNhZGJhYWMzNzcyYjk5OWIyMTljOWQ2YjQ2ODBiYTk5ODNlNTI3In19fQ\u003d\u003d\"}]}},display:{Lore:[0:\"§8Mining Pet\",1:\"\",2:\"§7Intelligence: §a{INTELLIGENCE}\",3:\"§7Sea Creature Chance: §a{SEA_CREATURE_CHANCE}%\",4:\"§7Speed: §a{SPEED}\",5:\"\",6:\"§6Candy Lover\",7:\"§7§7Increases the chance for mobs\",8:\"§7to drop Candy by §a{0}%\",9:\"\",10:\"§6Nightmare\",11:\"§7§7§7During night, gain §a{1}\",12:\"§a§b✎ Intelligence§7, §a{2} §f✦\",13:\"§fSpeed§7, and night vision.\",14:\"\",15:\"§6Wings of Steel\",16:\"§7§7Deals §a{3}% damage to\",17:\"§6Spooky §7enemies during the\",18:\"§6Spooky Festival.\",19:\"\",20:\"§7§eRight-click to add this pet to\",21:\"§eyour pet menu!\",22:\"\",23:\"§6§lLEGENDARY\"],Name:\"§f§f§7[Lvl {LVL}] §6Bat\"},ExtraAttributes:{petInfo:\"{\\\"type\\\":\\\"BAT\\\",\\\"active\\\":false,\\\"exp\\\":0.0,\\\"tier\\\":\\\"LEGENDARY\\\",\\\"hideInfo\\\":false}\",id:\"BAT;4\"},AttributeModifiers:[]}",
  "modver": "2.1.0-REL",
  "lore": [
    "§8Mining Pet",
    "",
    "§7Intelligence: §a{INTELLIGENCE}",
    "§7Sea Creature Chance: §a{SEA_CREATURE_CHANCE}%",
    "§7Speed: §a{SPEED}",
    "",
    "§6Candy Lover",
    "§7§7Increases the chance for mobs",
    "§7to drop Candy by §a{0}%",
    "",
    "§6Nightmare",
    "§7§7§7During night, gain §a{1}",
    "§a§b✎ Intelligence§7, §a{2} §f✦",
    "§fSpeed§7, and night vision.",
    "",
    "§6Wings of Steel",
    "§7§7Deals §a{3}% damage to",
    "§6Spooky §7enemies during the",
    "§6Spooky Festival.",
    "",
    "§7§eRight-click to add this pet to",
    "§eyour pet menu!",
    "",
    "§6§lLEGENDARY"
  ],
  "recipe": {
    "A1": "ENCHANTED_BROWN_MUSHROOM:8",
    "A2": "ENCHANTED_BROWN_MUSHROOM:8",
    "A3": "ENCHANTED_BROWN_MUSHROOM:8",
    "B1": "ENCHANTED_BROWN_MUSHROOM:8",
    "B2": "SUPER_EGG:1",
    "B3": "ENCHANTED_BROWN_MUSHROOM:8",
    "C1": "ENCHANTED_BROWN_MUSHROOM:8",
    "C2": "ENCHANTED_BROWN_MUSHROOM:8",
    "C3": "ENCHANTED_BROWN_MUSHROOM:8"
  },
  "crafttext": "20% chance",
  "useneucraft": true,
  "infoType": "WIKI_URL",
  "info": [
    "https://hypixel-skyblock.fandom.com/wiki/Bat_Pet"
  ]
}