{
  "internalname": "BAT;0",
  "itemid": "minecraft:skull",
  "displayname": "§f§f§7[Lvl {LVL}] §fBat",
  "clickcommand": "viewrecipe",
  "damage": 3,
  "nbttag": "{overrideMeta:1b,HideFlags:254,SkullOwner:{Id:\"1911c3bb-c0af-3474-98e2-486478c5b9ea\",Properties:{textures:[0:{Value:\"eyJ0ZXh0dXJlcyI6eyJTS0lOIjp7InVybCI6Imh0dHA6Ly90ZXh0dXJlcy5taW5lY3JhZnQubmV0L3RleHR1cmUvMzgyZmMzZjcxYjQxNzY5Mzc2YTllOTJmZTNhZGJhYWMzNzcyYjk5OWIyMTljOWQ2YjQ2ODBiYTk5ODNlNTI3In19fQ\u003d\u003d\"}]}},display:{Lore:[0:\"§8Mining Pet\",1:\"\",2:\"§7Intelligence: §a{INTELLIGENCE}\",3:\"§7Sea Creature Chance: §a{SEA_CREATURE_CHANCE}%\",4:\"§7Speed: §a{SPEED}\",5:\"\",6:\"§6Candy Lover\",7:\"§7§7Increases the chance for mobs\",8:\"§7to drop Candy by §a{0}%\",9:\"\",10:\"§7§eRight-click to add this pet to\",11:\"§eyour pet menu!\",12:\"\",13:\"§f§lCOMMON\"],Name:\"§f§f§7[Lvl {LVL}] §fBat\"},ExtraAttributes:{petInfo:\"{\\\"type\\\":\\\"BAT\\\",\\\"active\\\":false,\\\"exp\\\":0.0,\\\"tier\\\":\\\"COMMON\\\",\\\"hideInfo\\\":false}\",id:\"BAT;0\"},AttributeModifiers:[]}",
  "modver": "2.1.0-REL",
  "lore": [
    "§8Mining Pet",
    "",
    "§7Intelligence: §a{INTELLIGENCE}",
    "§7Sea Creature Chance: §a{SEA_CREATURE_CHANCE}%",
    "§7Speed: §a{SPEED}",
    "",
    "§6Candy Lover",
    "§7§7Increases the chance for mobs",
    "§7to drop Candy by §a{0}%",
    "",
    "§7§eRight-click to add this pet to",
    "§eyour pet menu!",
    "",
    "§f§lCOMMON"
  ],
  "recipe": {
    "A1": "ENCHANTED_BROWN_MUSHROOM:8",
    "A2": "ENCHANTED_BROWN_MUSHROOM:8",
    "A3": "ENCHANTED_BROWN_MUSHROOM:8",
    "B1": "ENCHANTED_BROWN_MUSHROOM:8",
    "B2": "ENCHANTED_EGG:1",
    "B3": "ENCHANTED_BROWN_MUSHROOM:8",
    "C1": "ENCHANTED_BROWN_MUSHROOM:8",
    "C2": "ENCHANTED_BROWN_MUSHROOM:8",
    "C3": "ENCHANTED_BROWN_MUSHROOM:8"
  },
  "crafttext": "50% Chance",
  "useneucraft": true,
  "infoType": "WIKI_URL",
  "info": [
    "https://hypixel-skyblock.fandom.com/wiki/Bat_Pet"
  ]
}