{
  "itemid": "minecraft:skull",
  "displayname": "§9Beach Umbrella",
  "nbttag": "{HideFlags:254,SkullOwner:{Id:\"a84ff924-0208-385e-a59a-bc6733cfd49d\",Properties:{textures:[0:{Value:\"eyJ0ZXh0dXJlcyI6eyJTS0lOIjp7InVybCI6Imh0dHA6Ly90ZXh0dXJlcy5taW5lY3JhZnQubmV0L3RleHR1cmUvNWE1YWIwNWVhMjU0YzMyZTNjNDhmM2ZkY2Y5ZmQ5ZDc3ZDNjYmEwNGU2YjVlYzJlNjhiM2NiZGNmYWMzZmQifX19\"}]}},display:{Lore:[0:\"§8Furniture\",1:\"\",2:\"§7This exclusive Summer cosmetic\",3:\"§7can be placed on your island or\",4:\"§7traded.\",5:\"\",6:\"§9§lRARE\"],Name:\"§9Beach Umbrella\"},ExtraAttributes:{id:\"BEACH_UMBRELLA\"}}",
  "damage": 3,
  "lore": [
    "§8Furniture",
    "",
    "§7This exclusive Summer cosmetic",
    "§7can be placed on your island or",
    "§7traded.",
    "",
    "§9§lRARE"
  ],
  "internalname": "BEACH_UMBRELLA",
  "crafttext": "",
  "clickcommand": "",
  "modver": "2.0.0-REL",
  "infoType": "WIKI_URL",
  "info": [
    "https://hypixel-skyblock.fandom.com/wiki/Furniture"
  ]
}
