{
  "itemid": "minecraft:beacon",
  "displayname": "§f§f§5Beacon V",
  "nbttag": "{ench:[],overrideMeta:1b,HideFlags:254,display:{Lore:[0:\"§7Tier: §bV\",1:\"\",2:\"§7Can be placed on your private island.\",3:\"\",4:\"§7Grants special buffs to the\",5:\"§7island owners when powered by\",6:\"§7§dPower Crystals §7obtained from\",7:\"§7the forge in the §2Dwarven\",8:\"§2Mines§7\",9:\"\",10:\"§4❣ §cRequires §5Heart of the\",11:\"§5Mountain Tier 5\",12:\"§5EPIC\",13:\"\",14:\"§eItems Required\",15:\"§5Beacon IV §7x1\",16:\"§5Refined Mithril §7x40\",17:\"§9Plasma §7x5\",18:\"\",19:\"§7Duration: §b2d 2h\"],Name:\"§f§f§5Beacon V\"},ExtraAttributes:{originTag:\"UNKNOWN\",id:\"BEACON_5\"},AttributeModifiers:[]}",
  "damage": 0,
  "lore": [
    "§7Tier: §bV",
    "",
    "§7Can be placed on your private island.",
    "",
    "§7Grants special buffs to the",
    "§7island owners when powered by",
    "§7§dPower Crystals §7obtained from",
    "§7the forge in the §2Dwarven",
    "§2Mines§7",
    "",
    "§4❣ §cRequires §5Heart of the",
    "§5Mountain Tier 5",
    "§5EPIC",
    "",
    "§eItems Required",
    "§5Beacon IV §7x1",
    "§5Refined Mithril §7x40",
    "§9Plasma §7x5",
    "",
    "§7Duration: §b2d 2h"
  ],
  "internalname": "BEACON_5",
  "crafttext": "",
  "clickcommand": "",
  "modver": "2.0.0-REL",
  "infoType": "WIKI_URL",
  "info": [
    "https://hypixel-skyblock.fandom.com/wiki/Beacon"
  ]
}
