{
  "itemid": "minecraft:leather_boots",
  "displayname": "§5Berserker Boots",
  "nbttag": "{Unbreakable:1b,HideFlags:254,display:{Lore:[0:\"§7Strength: §c+25\",1:\"§7Crit Damage: §c+25%\",2:\" §8[§7⚔§8]\",3:\"\",4:\"§8Tiered Bonus: Berserk (0/4)\",5:\"§7Reduces your health and defense\",6:\"§7by half and reduces the cost of\",7:\"§7health-consuming abilities by\",8:\"§7§c20%§7.\",9:\"\",10:\"§7§8This item can be reforged!\",11:\"§5§lEPIC BOOTS\"],color:16765991,Name:\"§5Berserker Boots\"},ExtraAttributes:{id:\"BERSERKER_BOOTS\"}}",
  "damage": 0,
  "lore": [
    "§7Strength: §c+25",
    "§7Crit Damage: §c+25%",
    " §8[§7⚔§8]",
    "",
    "§8Tiered Bonus: Berserk (0/4)",
    "§7Reduces your health and defense",
    "§7by half and reduces the cost of",
    "§7health-consuming abilities by",
    "§7§c20%§7.",
    "",
    "§7§8This item can be reforged!",
    "§5§lEPIC BOOTS"
  ],
  "recipe": {
    "A1": "ENCHANTED_RED_SAND_CUBE:1",
    "A2": "",
    "A3": "ENCHANTED_RED_SAND_CUBE:1",
    "B1": "MAGMA_CHUNK:20",
    "B2": "",
    "B3": "MAGMA_CHUNK:20",
    "C1": "",
    "C2": "",
    "C3": ""
  },
  "internalname": "BERSERKER_BOOTS",
  "crafttext": "",
  "clickcommand": "viewrecipe",
  "modver": "2.1.0-REL",
  "infoType": "WIKI_URL",
  "info": [
    "https://hypixel-skyblock.fandom.com/wiki/Berserker_Boots"
  ]
}