{
  "itemid": "minecraft:skull",
  "displayname": "§9Bezos",
  "nbttag": "{HideFlags:254,SkullOwner:{Id:\"b3ff1846-df8a-3c38-ae86-0b3b334635a4\",Properties:{textures:[0:{Value:\"eyJ0ZXh0dXJlcyI6eyJTS0lOIjp7InVybCI6Imh0dHA6Ly90ZXh0dXJlcy5taW5lY3JhZnQubmV0L3RleHR1cmUvZjE0ZWZjZTQ0MzFlMmFmYzYzNjQwYjUwZjc3ZmNlMWRmODYxNzU1N2U0ZGJkNmE2MWNkOTAyOTIyY2Q4OWQwNiJ9fX0\"}]}},display:{Lore:[0:\"§eRight-click to view recipes!\",1:\"§7§7§oThe surface is strangely\",2:\"§7§ocool and smooth. Often used as a\",3:\"§7§oball in many sports due to its\",4:\"§7§obouncy nature.\",5:\"\",6:\"§8§l* §8Co-op Soulbound §8§l*\",7:\"§9§lRARE\"],Name:\"§9Bezos\"},ExtraAttributes:{id:\"BEZOS\"}}",
  "damage": 3,
  "lore": [
    "§eRight-click to view recipes!",
    "§7§7§oThe surface is strangely",
    "§7§ocool and smooth. Often used as a",
    "§7§oball in many sports due to its",
    "§7§obouncy nature.",
    "",
    "§8§l* §8Co-op Soulbound §8§l*",
    "§9§lRARE"
  ],
  "internalname": "BEZOS",
  "crafttext": "",
  "clickcommand": "",
  "modver": "2.0.0-REL",
  "infoType": "WIKI_URL",
  "info": [
    "https://hypixel-skyblock.fandom.com/wiki/Bezos"
  ]
}