{
  "itemid": "minecraft:skull",
  "displayname": "§aBingo Ring",
  "nbttag": "{HideFlags:254,SkullOwner:{Id:\"4d4ec401-0eee-3073-8f4d-2164f5528ca3\",Properties:{textures:[0:{Value:\"eyJ0ZXh0dXJlcyI6eyJTS0lOIjp7InVybCI6Imh0dHA6Ly90ZXh0dXJlcy5taW5lY3JhZnQubmV0L3RleHR1cmUvMjJmMjQ5OWFiNGNmYzk3ZTY1ZjBmYTlmZTYzY2M2MDY3MDdhNGFlOTZhZjQwNzg0NmIxYjUzNTRmM2ZhZDk5In19fQ\u003d\u003d\"}]}},display:{Lore:[0:\"§7B.I.N.G.O.\",1:\"\",2:\"§7§cRequires §9Ⓑ Bingo Rank II§c!\",3:\"§a§lUNCOMMON ACCESSORY\"],Name:\"§aBingo Ring\"},ExtraAttributes:{id:\"BINGO_RING\"}}",
  "damage": 3,
  "lore": [
    "§7B.I.N.G.O.",
    "",
    "§7§cRequires §9Ⓑ Bingo Rank II§c!",
    "§a§lUNCOMMON ACCESSORY"
  ],
  "internalname": "BINGO_RING",
  "crafttext": "",
  "clickcommand": "",
  "modver": "2.1.0-REL",
  "infoType": "WIKI_URL",
  "info": [
    "https://hypixel-skyblock.fandom.com/wiki/Bingo_Ring"
  ]
}