{
  "itemid": "minecraft:skull",
  "displayname": "§9Bingo Artifact",
  "nbttag": "{HideFlags:254,SkullOwner:{Id:\"3947aec0-d696-3c48-929c-ae5ae464fa9a\",Properties:{textures:[0:{Value:\"eyJ0ZXh0dXJlcyI6eyJTS0lOIjp7InVybCI6Imh0dHA6Ly90ZXh0dXJlcy5taW5lY3JhZnQubmV0L3RleHR1cmUvZDJkYWQ4NjhmOGQ4NjViYWEzMmQ2MTU4NjcyZDFiMTM0ZGI2MWVhNTZkMzNlZmEwYzA5ZjZiYTZmMjc2ZmYyIn19fQ\u003d\u003d\"}]}},display:{Lore:[0:\"§7B.I.N.G.O.\",1:\"\",2:\"§7§cRequires §5Ⓑ Bingo Rank III§c!\",3:\"§9§lRARE ACCESSORY\"],Name:\"§9Bingo Artifact\"},ExtraAttributes:{id:\"BINGO_ARTIFACT\"}}",
  "damage": 3,
  "lore": [
    "§7B.I.N.G.O.",
    "",
    "§7§cRequires §5Ⓑ Bingo Rank III§c!",
    "§9§lRARE ACCESSORY"
  ],
  "internalname": "BINGO_ARTIFACT",
  "crafttext": "",
  "clickcommand": "",
  "modver": "2.1.0-REL",
  "infoType": ""
}