{
  "itemid": "minecraft:stick",
  "displayname": "§fBirch Forest Biome Stick",
  "nbttag": "{ench:[],HideFlags:254,display:{Lore:[0:\"§7Allows you to change the biome\",1:\"§7at the targeted block on your\",2:\"§7private island to §bBirch\",3:\"§bForest§7. Right-click to use, or\",4:\"§7Left-click to change the radius\",5:\"§7it effects.\",6:\"\",7:\"§7Selected Radius: §b3\",8:\"\",9:\"§f§lCOMMON\"],Name:\"§fBirch Forest Biome Stick\"},ExtraAttributes:{id:\"BIRCH_FOREST_BIOME_STICK\"}}",
  "damage": 0,
  "lore": [
    "§7Allows you to change the biome",
    "§7at the targeted block on your",
    "§7private island to §bBirch",
    "§bForest§7. Right-click to use, or",
    "§7Left-click to change the radius",
    "§7it effects.",
    "",
    "§7Selected Radius: §b3",
    "",
    "§f§lCOMMON"
  ],
  "recipe": {
    "A1": "",
    "A2": "",
    "A3": "LEAVES-2:64",
    "B1": "",
    "B2": "STICK:1",
    "B3": "",
    "C1": "STICK:1",
    "C2": "",
    "C3": ""
  },
  "internalname": "BIRCH_FOREST_BIOME_STICK",
  "clickcommand": "viewrecipe",
  "modver": "1.0.0",
  "infoType": "WIKI_URL",
  "info": [
    "https://hypixel-skyblock.fandom.com/wiki/Biome_Stick"
  ],
  "crafttext": "Requires: Birch Wood V"
}
