{
  "itemid": "minecraft:skull",
  "displayname": "§5Black Cat Plush",
  "nbttag": "{HideFlags:254,SkullOwner:{Id:\"dd768c6b-bccf-3407-8c34-0f22dfa939d9\",Properties:{textures:[0:{Value:\"eyJ0ZXh0dXJlcyI6eyJTS0lOIjp7InVybCI6Imh0dHA6Ly90ZXh0dXJlcy5taW5lY3JhZnQubmV0L3RleHR1cmUvNDEzN2RiNTQ2YWI1OTkxNzA0ZWEwM2M1M2EwNTkyZThkNDM1MjFmMmM5OTczZmY3NmNiMGJkOWU5MTBjMjRhNCJ9fX0\u003d\"}]}},display:{Lore:[0:\"§8Furniture\",1:\"\",2:\"§7This exclusive Halloween\",3:\"§7cosmetic can be placed on your\",4:\"§7island or traded.\",5:\"\",6:\"§5§lEPIC\"],Name:\"§5Black Cat Plush\"},ExtraAttributes:{id:\"BLACK_CAT_PLUSH\"}}",
  "damage": 3,
  "lore": [
    "§8Furniture",
    "",
    "§7This exclusive Halloween",
    "§7cosmetic can be placed on your",
    "§7island or traded.",
    "",
    "§5§lEPIC"
  ],
  "internalname": "BLACK_CAT_PLUSH",
  "crafttext": "",
  "clickcommand": "",
  "modver": "2.0.0-REL",
  "infoType": "WIKI_URL",
  "info": [
    "https://hypixel-skyblock.fandom.com/wiki/Furniture"
  ]
}