{
  "itemid": "minecraft:skull",
  "displayname": "§9Blaze Talisman",
  "nbttag": "{HideFlags:254,SkullOwner:{Id:\"863803fd-cb12-38fb-9db9-dd3918eceb6b\",Properties:{textures:[0:{Value:\"eyJ0ZXh0dXJlcyI6eyJTS0lOIjp7InVybCI6Imh0dHA6Ly90ZXh0dXJlcy5taW5lY3JhZnQubmV0L3RleHR1cmUvOWRlM2E0MDdkMmJlMzg3YjQ1YmViZGQ1MmQzZDRkNzVhNmExYjQ3OWUyYjhjMDMyNjdkMDIxZDRhZjMxZTA3MiJ9fX0\u003d\"}]}},display:{Lore:[0:\"§7True Defense: §a+3\",1:\"\",2:\"§7Reduces the damage taken from\",3:\"§7§7Blazes by §a5%§7.\",4:\"\",5:\"§8§l* §8Soulbound §8§l*\",6:\"§9§lRARE ACCESSORY\"],Name:\"§9Blaze Talisman\"},ExtraAttributes:{id:\"BLAZE_TALISMAN\"}}",
  "damage": 3,
  "lore": [
    "§7True Defense: §a+3",
    "",
    "§7Reduces the damage taken from",
    "§7§7Blazes by §a5%§7.",
    "",
    "§8§l* §8Soulbound §8§l*",
    "§9§lRARE ACCESSORY"
  ],
  "recipe": {
    "A1": "MILLENIA_OLD_BLAZE_ASHES:1",
    "A2": "MILLENIA_OLD_BLAZE_ASHES:1",
    "A3": "MILLENIA_OLD_BLAZE_ASHES:1",
    "B1": "MILLENIA_OLD_BLAZE_ASHES:1",
    "B2": "ENCHANTED_BLAZE_ROD:8",
    "B3": "MILLENIA_OLD_BLAZE_ASHES:1",
    "C1": "MILLENIA_OLD_BLAZE_ASHES:1",
    "C2": "MILLENIA_OLD_BLAZE_ASHES:1",
    "C3": "MILLENIA_OLD_BLAZE_ASHES:1"
  },
  "internalname": "BLAZE_TALISMAN",
  "clickcommand": "viewrecipe",
  "modver": "2.1.0-REL",
  "crafttext": "",
  "infoType": "WIKI_URL",
  "info": [
    "https://hypixel-skyblock.fandom.com/wiki/Blaze_Talisman"
  ]
}