{
  "internalname": "BLAZE_HAT",
  "itemid": "minecraft:skull",
  "displayname": "§fBlaze Hat",
  "clickcommand": "",
  "damage": 3,
  "nbttag": "{HideFlags:254,SkullOwner:{Id:\"118fe834-28aa-3b0d-afe6-f0c52d01afe8\",Properties:{textures:[0:{Value:\"eyJ0ZXh0dXJlcyI6eyJTS0lOIjp7InVybCI6Imh0dHA6Ly90ZXh0dXJlcy5taW5lY3JhZnQubmV0L3RleHR1cmUvYjc4ZWYyZTRjZjJjNDFhMmQxNGJmZGU5Y2FmZjEwMjE5ZjViMWJmNWIzNWE0OWViNTFjNjQ2Nzg4MmNiNWYwIn19fQ==\"}]}},display:{Lore:[0:\"§7Strength: §c+20\",1:\"\",2:\"§7§8This item can be reforged!\",3:\"§f§lCOMMON HELMET\"],Name:\"§fBlaze Hat\"},ExtraAttributes:{id:\"BLAZE_HAT\"}}",
  "modver": "1.0.0",
  "lore": [
    "§7Strength: §c+20",
    "",
    "§7§8This item can be reforged!",
    "§f§lCOMMON HELMET"
  ],
  "infoType": "WIKI_URL",
  "info": [
    "https://hypixel-skyblock.fandom.com/wiki/Blaze_Hat"
  ]
}
