{
  "itemid": "minecraft:skull",
  "displayname": "§aBlobfish Hat",
  "nbttag": "{HideFlags:254,SkullOwner:{Id:\"6f12b33e-5dc8-3826-b10b-884286996a62\",Properties:{textures:[0:{Value:\"eyJ0ZXh0dXJlcyI6eyJTS0lOIjp7InVybCI6Imh0dHA6Ly90ZXh0dXJlcy5taW5lY3JhZnQubmV0L3RleHR1cmUvN2EwNjM3Nzc4YmRjYTE4MjRmZjI3NTA2MDNhZWY2MmU5YzkzMTA4OGY0YzdhNTFjMDkwMmVkZDU5NmE3NDZkZSJ9fX0\u003d\"}]}},display:{Lore:[0:\"§7Strength: §c+25\",1:\"§7Intelligence: §a-10\",2:\"\",3:\"§7§8This item can be reforged!\",4:\"§a§lUNCOMMON HELMET\"],Name:\"§aBlobfish Hat\"},ExtraAttributes:{id:\"BLOBFISH_HAT\"}}",
  "damage": 3,
  "lore": [
    "§7Strength: §c+25",
    "§7Intelligence: §a-10",
    "",
    "§7§8This item can be reforged!",
    "§a§lUNCOMMON HELMET"
  ],
  "recipe": {
    "A1": "WATER_LILY:1",
    "A2": "WATER_LILY:1",
    "A3": "WATER_LILY:1",
    "B1": "WATER_LILY:1",
    "B2": "CLAY_BALL:1",
    "B3": "WATER_LILY:1",
    "C1": "CLAY_BALL:1",
    "C2": "CLAY_BALL:1",
    "C3": "CLAY_BALL:1"
  },
  "internalname": "BLOBFISH_HAT",
  "clickcommand": "viewrecipe",
  "modver": "2.0.0-REL",
  "infoType": "WIKI_URL",
  "info": [
    "https://hypixel-skyblock.fandom.com/wiki/Blobfish_Hat"
  ],
  "crafttext": "Requires: Lily Pad II"
}