{
  "itemid": "minecraft:book",
  "displayname": "§5Book of Stats",
  "nbttag": "{HideFlags:254,display:{Lore:[0:\"§7§7Combine with any weapon in an\",1:\"§7Anvil to start tracking its\",2:\"§7kills.\",3:\"\",4:\"§5§lEPIC COSMETIC\"],Name:\"§5Book of Stats\"},ExtraAttributes:{id:\"BOOK_OF_STATS\"}}",
  "damage": 0,
  "lore": [
    "§7§7Combine with any weapon in an",
    "§7Anvil to start tracking its",
    "§7kills.",
    "",
    "§5§lEPIC COSMETIC"
  ],
  "internalname": "BOOK_OF_STATS",
  "crafttext": "",
  "clickcommand": "",
  "modver": "2.0.0-REL",
  "infoType": "WIKI_URL",
  "info": [
    "https://hypixel-skyblock.fandom.com/wiki/Book_of_Stats"
  ]
}