{
  "itemid": "minecraft:leather_leggings",
  "displayname": "§9Bouncy Leggings",
  "nbttag": "{HideFlags:254,display:{Lore:[0:\"§7Gear Score: §d125 \",1:\"§7Crit Chance: §c+5%\",2:\"§7Health: §a+105\",3:\"\",4:\"§6Full Set Bonus: Bouncing Arrow\",5:\"§7Your arrows have a §e25%\",6:\"§e§7chance to bounce to another\",7:\"§7target after it hits something.\",8:\"\",9:\"§7§8This item can be reforged!\",10:\"§aPerfect 35000 / 35000\",11:\"§7§4❣ §cRequires §aCatacombs Level 9\",12:\"§9§lRARE DUNGEON LEGGINGS\"],color:11403055,Name:\"§9Bouncy Leggings\"},ExtraAttributes:{dungeon_item_level:0,id:\"BOUNCY_LEGGINGS\"}}",
  "damage": 0,
  "lore": [
    "§7Gear Score: §d125 ",
    "§7Crit Chance: §c+5%",
    "§7Health: §a+105",
    "",
    "§6Full Set Bonus: Bouncing Arrow",
    "§7Your arrows have a §e25%",
    "§e§7chance to bounce to another",
    "§7target after it hits something.",
    "",
    "§7§8This item can be reforged!",
    "§aPerfect 35000 / 35000",
    "§7§4❣ §cRequires §aCatacombs Level 9",
    "§9§lRARE DUNGEON LEGGINGS"
  ],
  "internalname": "BOUNCY_LEGGINGS",
  "crafttext": "",
  "clickcommand": "",
  "modver": "2.0.0-REL",
  "infoType": "WIKI_URL",
  "info": [
    "https://hypixel-skyblock.fandom.com/wiki/Bouncy_Armor"
  ]
}