{
  "itemid": "minecraft:leather_boots",
  "displayname": "§aBronze Hunter Boots",
  "nbttag": "{Unbreakable:1b,HideFlags:254,display:{Lore:[0:\"§7Health: §a+100\",1:\"§7Defense: §a+100\",2:\" §8[§7⚔§8]\",3:\"\",4:\"§6Full Set Bonus: Peace Treaty\",5:\"§7Gain immunity to Sea Creatures\",6:\"§7but they are immune to you and\",7:\"§7you can no longer catch them.\",8:\"\",9:\"§7§8This item can be reforged!\",10:\"§7§4❣ §cRequires §cNovice Trophy\",11:\"§cFisher.\",12:\"§8§l* §8Soulbound §8§l*\",13:\"§a§lUNCOMMON BOOTS\"],Name:\"§aBronze Hunter Boots\"},ExtraAttributes:{id:\"BRONZE_HUNTER_BOOTS\"}}",
  "damage": 0,
  "lore": [
    "§7Health: §a+100",
    "§7Defense: §a+100",
    " §8[§7⚔§8]",
    "",
    "§6Full Set Bonus: Peace Treaty",
    "§7Gain immunity to Sea Creatures",
    "§7but they are immune to you and",
    "§7you can no longer catch them.",
    "",
    "§7§8This item can be reforged!",
    "§7§4❣ §cRequires §cNovice Trophy",
    "§cFisher.",
    "§8§l* §8Soulbound §8§l*",
    "§a§lUNCOMMON BOOTS"
  ],
  "internalname": "BRONZE_HUNTER_BOOTS",
  "crafttext": "",
  "clickcommand": "",
  "modver": "2.1.0-REL",
  "infoType": "WIKI_URL",
  "info": [
    "https://hypixel-skyblock.fandom.com/wiki/Bronze_Hunter_Boots"
  ]
}