{
  "itemid": "minecraft:skull",
  "displayname": "§fKiwi",
  "nbttag": "{HideFlags:254,SkullOwner:{Id:\"1989cfe7-ea10-3465-be1d-b56a58e566df\",Properties:{textures:[0:{Value:\"eyJ0ZXh0dXJlcyI6eyJTS0lOIjp7InVybCI6Imh0dHA6Ly90ZXh0dXJlcy5taW5lY3JhZnQubmV0L3RleHR1cmUvZDkzMTdmNDhlMjU3ZmQ2ODg3NDkxZjdiYTllMmFhYTQxYzkxZmNmZDQ0NjFhZTc3MmEzMmQyNzgzOWMxMyJ9fX0\"}]}},display:{Lore:[0:\"§8Decoration item\",1:\"\",2:\"§f§lCOMMON\"],Name:\"§fKiwi\"},ExtraAttributes:{id:\"BUILDER_KIWI\"}}",
  "damage": 3,
  "lore": [
    "§8Decoration item",
    "",
    "§f§lCOMMON"
  ],
  "internalname": "BUILDER_KIWI",
  "crafttext": "",
  "clickcommand": "",
  "modver": "2.0.0-REL",
  "infoType": "WIKI_URL",
  "info": [
    "https://hypixel-skyblock.fandom.com/wiki/Decorations"
  ]
}
