{
  "itemid": "minecraft:skull",
  "displayname": "§fPink Berry",
  "nbttag": "{HideFlags:254,SkullOwner:{Id:\"21922daf-5fcc-3c99-8794-ecc8b76c9d45\",Properties:{textures:[0:{Value:\"eyJ0ZXh0dXJlcyI6eyJTS0lOIjp7InVybCI6Imh0dHA6Ly90ZXh0dXJlcy5taW5lY3JhZnQubmV0L3RleHR1cmUvNzc4MzA4ZmU0ZGRhMWJiOGE5NmY1YjIyNmIzMjU0MmY0OWZkNjViYzU1YjQ0YmJjMzEzNDNlYjQwMGNmNWUyIn19fQ\"}]}},display:{Lore:[0:\"§8Decoration item\",1:\"\",2:\"§f§lCOMMON\"],Name:\"§fPink Berry\"},ExtraAttributes:{id:\"BUILDER_PINK_BERRY\"}}",
  "damage": 3,
  "lore": [
    "§8Decoration item",
    "",
    "§f§lCOMMON"
  ],
  "internalname": "BUILDER_PINK_BERRY",
  "crafttext": "",
  "clickcommand": "",
  "modver": "2.0.0-REL",
  "infoType": "WIKI_URL",
  "info": [
    "https://hypixel-skyblock.fandom.com/wiki/Decorations"
  ]
}
