{
  "itemid": "minecraft:skull",
  "displayname": "§fBerry",
  "nbttag": "{HideFlags:254,SkullOwner:{Id:\"09a309d5-dfb0-3ca1-b142-dbd023e9fc21\",Properties:{textures:[0:{Value:\"eyJ0ZXh0dXJlcyI6eyJTS0lOIjp7InVybCI6Imh0dHA6Ly90ZXh0dXJlcy5taW5lY3JhZnQubmV0L3RleHR1cmUvNTIzNTU1YjBmZDdkZjU5MTcyZTkyZDg5NmU2N2FkM2Q4ZWQxNDUwNDk4M2RlNjVkZmY4MzVlZDExMDQxNmEwZiJ9fX0\"}]}},display:{Lore:[0:\"§8Decoration item\",1:\"\",2:\"§f§lCOMMON\"],Name:\"§fBerry\"},ExtraAttributes:{id:\"BUILDER_BERRY\"}}",
  "damage": 3,
  "lore": [
    "§8Decoration item",
    "",
    "§f§lCOMMON"
  ],
  "internalname": "BUILDER_BERRY",
  "crafttext": "",
  "clickcommand": "",
  "modver": "2.0.0-REL",
  "infoType": "WIKI_URL",
  "info": [
    "https://hypixel-skyblock.fandom.com/wiki/Decorations"
  ]
}
