{
  "itemid": "minecraft:leather_chestplate",
  "displayname": "§6Burning Fervor Chestplate",
  "nbttag": "{Unbreakable:1b,HideFlags:254,display:{Lore:[0:\"§7Health: §a+421\",1:\"§7Defense: §a+222\",2:\"§7Intelligence: §a+8\",3:\" §8[§8⚔§8] §8[§8⚔§8]\",4:\"\",5:\"§8Tiered Bonus: Fervor (0/4)\",6:\"§7Blocking damage with your sword grants\",7:\"§7you §c1 §7stack of §6Fervor ҉§7.\",8:\"§7\",9:\"§7Each §6Fervor ҉ §7stack reduces incoming\",10:\"§7damage by §c10%§7 (50% max).\",11:\"§7\",12:\"§7At §c5 §7stacks §dtaunt §7enemies when\",13:\"§7you are hit (5s cd) and gain §d3.0%\",14:\"§d§7damage reduction.\",15:\"§7\",16:\"§7Lose 1 stack after §c4s §7of not gaining\",17:\"§7a stack.\",18:\"\",19:\"§7§8This item can be reforged!\",20:\"§8§l* §8Co-op Soulbound §8§l*\",21:\"§6§lLEGENDARY CHESTPLATE\"],color:15746857,Name:\"§6Burning Fervor Chestplate\"},ExtraAttributes:{id:\"BURNING_FERVOR_CHESTPLATE\"}}",
  "damage": 0,
  "lore": [
    "§7Health: §a+421",
    "§7Defense: §a+222",
    "§7Intelligence: §a+8",
    " §8[§8⚔§8] §8[§8⚔§8]",
    "",
    "§8Tiered Bonus: Fervor (0/4)",
    "§7Blocking damage with your sword grants",
    "§7you §c1 §7stack of §6Fervor ҉§7.",
    "§7",
    "§7Each §6Fervor ҉ §7stack reduces incoming",
    "§7damage by §c10%§7 (50% max).",
    "§7",
    "§7At §c5 §7stacks §dtaunt §7enemies when",
    "§7you are hit (5s cd) and gain §d3.0%",
    "§d§7damage reduction.",
    "§7",
    "§7Lose 1 stack after §c4s §7of not gaining",
    "§7a stack.",
    "",
    "§7§8This item can be reforged!",
    "§8§l* §8Co-op Soulbound §8§l*",
    "§6§lLEGENDARY CHESTPLATE"
  ],
  "internalname": "BURNING_FERVOR_CHESTPLATE",
  "crafttext": "",
  "clickcommand": "",
  "modver": "2.1.0-REL",
  "infoType": "WIKI_URL",
  "info": [
    "https://hypixel-skyblock.fandom.com/wiki/Fervor_Armor"
  ]
}