{
  "itemid": "minecraft:skull",
  "displayname": "§aButterfly (Monster)",
  "nbttag": "{HideFlags:254,SkullOwner:{Id:\"aed56745-0562-307d-aed5-67450562907d\",Properties:{textures:[0:{Value:\"e3RleHR1cmVzOntTS0lOOnt1cmw6Imh0dHA6Ly90ZXh0dXJlcy5taW5lY3JhZnQubmV0L3RleHR1cmUvOWZkODA2ZGVmZGZkZjU5YjFmMjYwOWM4ZWUzNjQ2NjZkZTY2MTI3YTYyMzQxNWI1NDMwYzkzNThjNjAxZWY3YyJ9fX0\u003d\"}]}},display:{Lore:[0:\"§7Beautiful critters that\",1:\"§7around harmlessly in Fairy\",2:\"§7regions\",3:\"\",4:\"§c❤ Health§8: §c100\",5:\"§7Coins per Kill: §610\",6:\"\",7:\"§6§lPossible Drops:\",8:\"§fCommon Loot\",9:\"§8 ■ §f❁ Rough Jasper Gemstone §8x10-22x\",10:\"\",11:\"§6Legendary Loot\",12:\"§8 ■ §dJasper Crystal\"],Name:\"§aButterfly (Monster)\"},ExtraAttributes:{id:\"BUTTERFLY_MONSTER\"}}",
  "damage": 3,
  "lore": [
    "§7Beautiful critters that",
    "§7around harmlessly in Fairy",
    "§7regions",
    "",
    "§c❤ Health§8: §c100",
    "§7Coins per Kill: §610",
    "",
    "§6§lPossible Drops:",
    "§fCommon Loot",
    "§8 ■ §f❁ Rough Jasper Gemstone §8x10-22x",
    "",
    "§6Legendary Loot",
    "§8 ■ §dJasper Crystal"
  ],
  "internalname": "BUTTERFLY_MONSTER",
  "clickcommand": "",
  "modver": "2.0.0-REL",
  "infoType": "WIKI_URL",
  "info": [
    "https://hypixel-skyblock.fandom.com/wiki/Butterfly"
  ],
  "crafttext": ""
}