{
  "itemid": "minecraft:golden_hoe",
  "displayname": "§5Cactus Knife",
  "nbttag": "{Unbreakable:1b,HideFlags:254,display:{Lore:[0:\"§7Slices through §acactus§7 instantly!\",1:\"\",2:\"§7§8This item can be reforged!\",3:\"§5§lEPIC HOE\"],Name:\"§5Cactus Knife\"},ExtraAttributes:{id:\"CACTUS_KNIFE\"}}",
  "damage": 0,
  "lore": [
    "§7Slices through §acactus§7 instantly!",
    "",
    "§7§8This item can be reforged!",
    "§5§lEPIC HOE"
  ],
  "internalname": "CACTUS_KNIFE",
  "crafttext": "",
  "clickcommand": "",
  "modver": "1.7.1-REL",
  "infoType": "WIKI_URL",
  "info": [
    "https://hypixel-skyblock.fandom.com/wiki/Cactus_Knife"
  ]
}
