{
  "itemid": "minecraft:leather_leggings",
  "displayname": "§fCactus Leggings",
  "nbttag": "{Unbreakable:1,HideFlags:254,display:{Lore:[0:\"§7Health: §a+10\",1:\"§7Defense: §a+20\",2:\"\",3:\"§6Full Set Bonus: Deflect\",4:\"§7Rebound §a33.0% §7of the damage\",5:\"§7you take back at your enemy.\",6:\"\",7:\"§7§8This item can be reforged!\",8:\"§f§lCOMMON LEGGINGS\"],color:65280,Name:\"§fCactus Leggings\"},ExtraAttributes:{color:\"0:255:0\",id:\"CACTUS_LEGGINGS\"}}",
  "damage": 0,
  "lore": [
    "§7Health: §a+10",
    "§7Defense: §a+20",
    "",
    "§6Full Set Bonus: Deflect",
    "§7Rebound §a33.0% §7of the damage",
    "§7you take back at your enemy.",
    "",
    "§7§8This item can be reforged!",
    "§f§lCOMMON LEGGINGS"
  ],
  "recipe": {
    "A1": "CACTUS:1",
    "A2": "CACTUS:1",
    "A3": "CACTUS:1",
    "B1": "CACTUS:1",
    "B2": "",
    "B3": "CACTUS:1",
    "C1": "CACTUS:1",
    "C2": "",
    "C3": "CACTUS:1"
  },
  "internalname": "CACTUS_LEGGINGS",
  "clickcommand": "viewrecipe",
  "modver": "2.0.0-REL",
  "infoType": "WIKI_URL",
  "info": [
    "https://hypixel-skyblock.fandom.com/wiki/Cactus_Armor"
  ],
  "crafttext": "Requires: Cactus II"
}