{
  "itemid": "minecraft:cake",
  "displayname": "§fCake",
  "nbttag": "{HideFlags:254,display:{Lore:[0:\"§f§lCOMMON\"],Name:\"§fCake\"},ExtraAttributes:{id:\"CAKE\"}}",
  "damage": 0,
  "lore": [
    "§f§lCOMMON"
  ],
  "internalname": "CAKE",
  "modver": "1.3-REL",
  "vanilla": true,
  "clickcommand": "viewrecipe",
  "recipe": {
    "A1": "MILK_BUCKET:1",
    "A2": "MILK_BUCKET:1",
    "A3": "MILK_BUCKET:1",
    "B1": "SUGAR:1",
    "B2": "EGG:1",
    "B3": "SUGAR:1",
    "C1": "WHEAT:1",
    "C2": "WHEAT:1",
    "C3": "WHEAT:1"
  }
}
