{
  "internalname": "CANDY_RING",
  "itemid": "minecraft:skull",
  "displayname": "§9Candy Ring",
  "clickcommand": "",
  "damage": 3,
  "nbttag": "{HideFlags:254,SkullOwner:{Id:\"5c632568-291d-3539-829b-cfd8f6523a86\",Properties:{textures:[0:{Value:\"eyJ0ZXh0dXJlcyI6eyJTS0lOIjp7InVybCI6Imh0dHA6Ly90ZXh0dXJlcy5taW5lY3JhZnQubmV0L3RleHR1cmUvMjY3MGMzN2EyZjE3N2U4YWZlMjk2MjdhZGZiNjkyYmFiMzBiYTY3OTczNmNjY2NjODI2MTQ4OTg3ZjliY2YyNyJ9fX0\u003d\"}]}},display:{Lore:[0:\"§7Increases the chance for mobs to\",1:\"§7drop Candy by §a10% §7during the\",2:\"§7§6Spooky Festival§7.\",3:\"\",4:\"§9§lRARE ACCESSORY\"],Name:\"§9Candy Ring\"},ExtraAttributes:{id:\"CANDY_RING\"}}",
  "modver": "2.1.0-REL",
  "lore": [
    "§7Increases the chance for mobs to",
    "§7drop Candy by §a10% §7during the",
    "§7§6Spooky Festival§7.",
    "",
    "§9§lRARE ACCESSORY"
  ],
  "infoType": "WIKI_URL",
  "info": [
    "https://hypixel-skyblock.fandom.com/wiki/Candy_Ring"
  ],
  "crafttext": ""
}