{
  "itemid": "minecraft:skull",
  "displayname": "§f§f§5Candle Table",
  "nbttag": "{overrideMeta:1b,HideFlags:254,SkullOwner:{Id:\"1c7561ea-1913-3739-a3b3-cf294ad95170\",Properties:{textures:[0:{Value:\"eyJ0ZXh0dXJlcyI6eyJTS0lOIjp7InVybCI6Imh0dHA6Ly90ZXh0dXJlcy5taW5lY3JhZnQubmV0L3RleHR1cmUvOWZkZGRkYjhlZWUxMWJjMzEyZDFhY2ZkNjIxYTQ0NmI1Njg2OGFhZjY2YTUwNzFjYTk0MjU1ODJiMThjZGQ2In19fQ\u003d\u003d\"}]}},display:{Lore:[0:\"§8Furniture\",1:\"\",2:\"§7This exclusive Halloween\",3:\"§7cosmetic can be placed on your\",4:\"§7island or traded.\",5:\"\",6:\"§5§lEPIC\"],Name:\"§f§f§5Candle Table\"},ExtraAttributes:{id:\"CANDLE_TABLE\"},AttributeModifiers:[]}",
  "damage": 3,
  "lore": [
    "§8Furniture",
    "",
    "§7This exclusive Halloween",
    "§7cosmetic can be placed on your",
    "§7island or traded.",
    "",
    "§5§lEPIC"
  ],
  "internalname": "CANDLE_TABLE",
  "crafttext": "",
  "clickcommand": "",
  "modver": "2.0.0-REL",
  "infoType": "WIKI_URL",
  "info": [
    "https://hypixel-skyblock.fandom.com/wiki/Furniture"
  ]
}