{
  "itemid": "minecraft:skull",
  "displayname": "§f§f§cCandy the Fish",
  "nbttag": "{ench:[],overrideMeta:1b,HideFlags:254,SkullOwner:{Id:\"3547e2d9-a66e-3f68-8492-53867c13acd8\",Properties:{textures:[0:{Value:\"eyJ0ZXh0dXJlcyI6eyJTS0lOIjp7InVybCI6Imh0dHA6Ly90ZXh0dXJlcy5taW5lY3JhZnQubmV0L3RleHR1cmUvNzViYTM5M2I5MjZlZTY5YTE0ZDRkODUzYjI1ZDI4NWE4NjhiMTZjNTZjOTE5ZDJiODI0NDEzZTY1NjZkNGU1NSJ9fX0\"}]}},display:{Lore:[0:\"§7Fish flavored.\",1:\"\",2:\"§c§lSPECIAL\"],Name:\"§f§f§cCandy the Fish\"},ExtraAttributes:{id:\"CANDY_THE_FISH\"},AttributeModifiers:[]}",
  "damage": 3,
  "lore": [
    "§7Fish flavored.",
    "",
    "§c§lSPECIAL"
  ],
  "internalname": "CANDY_THE_FISH",
  "crafttext": "",
  "clickcommand": "",
  "modver": "1.5-REL",
  "infoType": "WIKI_URL",
  "info": [
    "https://hypixel-skyblock.fandom.com/wiki/Candy_the_Fish"
  ]
}
